{"y": 3.7351348761843397, "x": 1.8772736047279157, "theta": 2.310940981281806}